epoch,lr,run_train_loss,run_train_acc,val_loss,val_acc,train_loss,train_acc,test_loss,test_acc,grad_norm,weight_change,weight_norm
0,nan,nan,nan,7.03956328125,9.44,7.0203796875,10.29,7.058064990234375,10.0,nan,nan,36.797508239746094
1,0.1,1.619111217074924,39.91555555555556,1.407136181640625,50.5,1.4059013427734375,50.86,1.403065380859375,50.36,1.1157863995229655,13.589611053466797,38.40730667114258
2,0.1,1.1266660178078545,59.45777777777778,1.2116874755859375,58.12,1.2313932006835937,57.86,1.2379739013671875,57.73,1.0120415293018927,11.765606880187988,40.212013244628906
3,0.1,0.9055845982657539,67.95555555555555,0.8609881591796875,69.1,0.8572107604980469,69.76,0.8820807922363281,68.91,0.9739598506553606,10.322214126586914,41.801368713378906
4,0.1,0.7752081206003825,72.84222222222222,0.776972607421875,73.16,0.7490732666015625,74.49,0.8113051879882812,72.92,0.9368479725989428,9.456934928894043,43.10489273071289
5,0.1,0.6999004113515218,75.61111111111111,0.9024084594726562,70.62,0.8467721618652344,71.82,0.9251697448730469,70.01,0.9136786132373593,9.042283058166504,44.18990707397461
6,0.1,0.6382035288439857,77.74666666666667,0.7800818725585937,74.04,0.7077732299804688,76.02,0.7896790161132813,74.36,0.9205423386936838,8.957094192504883,45.222694396972656
7,0.1,0.5970268420643277,79.28888888888889,0.65233994140625,78.34,0.60760146484375,80.18,0.6959488830566406,77.34,0.9099707061594183,8.929855346679688,46.17096710205078
8,0.1,0.5633330928537581,80.45111111111112,0.6394060302734375,78.4,0.5794134216308594,79.57,0.6535636291503907,77.45,0.9041901452636177,8.841086387634277,46.996849060058594
9,0.1,0.5313354040410784,81.60666666666667,0.761364111328125,75.18,0.6821027282714843,76.9,0.7416738708496093,75.44,0.8922644271091982,8.817373275756836,47.6987190246582
10,0.1,0.5046450957086351,82.52,0.5607140869140625,81.06,0.4828694091796875,83.65,0.5793221557617187,80.55,0.9005706020715561,8.868846893310547,48.33592224121094
11,0.1,0.48584089712566797,83.21777777777778,0.5401768188476562,82.14,0.4719813568115234,83.56,0.566366162109375,81.25,0.887820719148625,8.844700813293457,48.90660095214844
12,0.1,0.47068992466396753,83.58222222222223,0.6064007568359375,79.58,0.5199728363037109,82.06,0.6257592834472656,79.59,0.8923256034878168,8.85663890838623,49.43730163574219
13,0.1,0.4528207130379147,84.39111111111112,0.53978515625,81.88,0.46484312744140627,84.44,0.5647431579589843,81.26,0.8918733097274195,8.988574981689453,49.93167495727539
14,0.1,0.43978791227340697,84.88666666666667,0.7056361083984375,77.94,0.5726823608398437,81.36,0.679328759765625,78.46,0.9011501940813932,9.01949405670166,50.413238525390625
15,0.1,0.4280968975702922,85.1511111111111,0.506441259765625,83.04,0.41207124938964845,86.02,0.5228862854003906,82.42,0.8944271228868853,9.008198738098145,50.853546142578125
16,0.1,0.4153368225097656,85.52888888888889,0.5710250610351563,81.48,0.46990062561035156,84.33,0.6074256225585938,80.47,0.8974887317215855,9.070942878723145,51.27346420288086
17,0.1,0.402093305571874,86.03333333333333,0.5827916748046875,81.12,0.47626368103027344,83.27,0.59733037109375,80.61,0.9011657376858321,9.132834434509277,51.65187454223633
18,0.1,0.393248386420144,86.46222222222222,0.6449411376953125,78.4,0.54239970703125,81.3,0.6664885620117188,78.1,0.8954211934046312,9.13122844696045,51.99264144897461
19,0.1,0.3907778060330285,86.29333333333334,0.4908724426269531,83.72,0.388892236328125,86.67,0.5115092834472657,83.35,0.9073650615120475,9.221579551696777,52.38686752319336
20,0.1,0.37406871224509347,87.03555555555556,0.5008440124511718,83.38,0.39573874816894533,86.61,0.5252645812988281,82.97,0.8953678843311288,9.190943717956543,52.692420959472656
21,0.1,0.3716865081363254,87.10888888888888,0.4944434326171875,83.7,0.3701161468505859,87.21,0.521359619140625,83.86,0.8981976343149488,9.253249168395996,52.97362518310547
22,0.1,0.3600307056215074,87.39111111111112,0.517953564453125,82.88,0.4125435760498047,86.06,0.5476474792480469,82.33,0.9032354022968899,9.222367286682129,53.2584114074707
23,0.1,0.35516204347610475,87.60444444444444,0.7511951538085937,78.4,0.6192369812011719,80.56,0.7894343933105469,77.06,0.9049862237139181,9.263103485107422,53.51323699951172
24,0.1,0.3482483152124617,87.88,0.47272122802734373,83.94,0.37093133239746096,87.54,0.5248000274658203,82.61,0.9051211071623997,9.265287399291992,53.75871658325195
25,0.1,0.3408628607538011,88.16,0.4765440673828125,84.68,0.3552964630126953,87.44,0.5208645904541016,83.46,0.9072441018440507,9.339544296264648,53.98860168457031
26,0.1,0.3391951236089071,88.05333333333333,0.440489013671875,85.0,0.30695338439941405,89.59,0.4622357391357422,84.8,0.9134645577181469,9.461307525634766,54.26990509033203
27,0.1,0.3339041863706377,88.41111111111111,0.5020502075195312,83.2,0.38371350402832033,86.49,0.5405046600341797,82.26,0.9144985154271126,9.614423751831055,54.518150329589844
28,0.1,0.32961282637914024,88.52666666666667,0.64258642578125,79.48,0.5107744049072266,82.99,0.6773457885742188,78.91,0.9092384908686985,9.45489501953125,54.71881103515625
29,0.1,0.31368914460076225,89.14,0.7009235717773438,79.18,0.5602321899414062,82.35,0.7726005310058593,78.31,0.9029058482159268,9.538667678833008,54.89457702636719
30,0.1,0.31822465863227845,88.92666666666666,0.49110100708007814,84.88,0.35054057312011716,88.03,0.48792513427734374,84.21,0.9120825947347012,9.580184936523438,55.11918640136719
31,0.1,0.31042759359147815,89.09555555555555,0.5280231750488281,82.76,0.38208310546875,86.63,0.5461452911376953,82.23,0.9117693674157966,9.6021728515625,55.306941986083984
32,0.1,0.30685278560850354,89.29555555555555,0.5913553833007813,81.98,0.4414101348876953,84.94,0.603124169921875,81.76,0.9213256666606123,9.784520149230957,55.53057098388672
33,0.1,0.3109259075641632,89.06222222222222,0.5199634643554687,83.12,0.3743451873779297,87.03,0.539355078125,83.01,0.9202194638888944,9.742687225341797,55.75732421875
34,0.1,0.29948490948941975,89.56444444444445,0.4903589416503906,84.82,0.3310205963134766,88.91,0.5184981353759766,83.85,0.9075844965197823,9.635619163513184,55.8757438659668
35,0.1,0.30001103160381315,89.41555555555556,0.48891968383789064,84.08,0.35292672729492186,87.92,0.523467041015625,83.31,0.9231947521594438,9.819032669067383,56.09001922607422
36,0.1,0.2938916955259111,89.55777777777777,0.51777275390625,83.5,0.4081152130126953,86.56,0.5814959350585938,82.35,0.9316630500622771,9.858657836914062,56.28840255737305
37,0.1,0.28837374113400777,89.86222222222223,0.47875226440429686,84.86,0.3497461975097656,88.14,0.5154274566650391,83.75,0.91717127608982,9.78829288482666,56.410491943359375
38,0.1,0.29341117417547435,89.61555555555556,0.45727122802734377,85.22,0.32286825256347657,89.25,0.5024155548095703,84.19,0.9259578043764288,9.880352973937988,56.59706115722656
39,0.1,0.2836423264397515,90.08888888888889,0.5628335571289063,83.1,0.40083502502441404,86.44,0.59911484375,82.3,0.9233305083418434,9.815929412841797,56.742637634277344
40,0.1,0.28524816501405503,90.03111111111112,0.5151790710449219,83.64,0.35106260986328125,88.17,0.5498552490234375,83.45,0.9174336708066139,9.728398323059082,56.856388092041016
41,0.010000000000000002,0.19189142096307543,93.49111111111111,0.299988525390625,90.1,0.1400433418273926,95.29,0.32996524963378904,89.28,0.724073142659935,1.5673679113388062,56.6773681640625
42,0.010000000000000002,0.16150206943882836,94.56222222222222,0.30244043579101565,90.56,0.12361852264404297,95.88,0.3314320983886719,89.49,0.7076515069400723,1.1348391771316528,56.49147415161133
43,0.010000000000000002,0.151321437784036,94.84,0.29908427734375,90.64,0.11467211456298829,96.26,0.330040966796875,89.64,0.7180028601803563,1.0831358432769775,56.30684280395508
44,0.010000000000000002,0.14654571087625293,94.98222222222222,0.30067066040039064,90.62,0.11269319229125976,96.25,0.3330425964355469,89.69,0.7454670845446262,1.0664931535720825,56.12389373779297
45,0.010000000000000002,0.13753608577251433,95.32666666666667,0.30188345947265627,90.78,0.10274320297241211,96.6,0.33468966369628905,89.7,0.7534730201587081,1.075710654258728,55.942047119140625
46,0.010000000000000002,0.13427844314310286,95.30444444444444,0.2992606018066406,90.88,0.10010349655151367,96.61,0.33556177368164064,89.77,0.7770364042371511,1.0982425212860107,55.76200485229492
47,0.010000000000000002,0.12926565005249446,95.51333333333334,0.3066868957519531,90.52,0.09791482696533203,96.85,0.3445685546875,89.98,0.7794651853936639,1.1064839363098145,55.582847595214844
48,0.010000000000000002,0.12212777300543255,95.76,0.3053241577148437,90.76,0.09039061660766602,97.09,0.3421197235107422,89.86,0.7737588646229018,1.0846009254455566,55.404178619384766
49,0.010000000000000002,0.12159833006593916,95.84444444444445,0.30685199584960937,90.88,0.08796438217163086,97.1,0.3438340362548828,89.83,0.8008818060837009,1.1138031482696533,55.22709274291992
50,0.010000000000000002,0.11509159416357677,96.03111111111112,0.310553466796875,90.8,0.08591104888916015,97.03,0.34905119018554687,89.87,0.8018698530610312,1.1108300685882568,55.050960540771484
51,0.010000000000000002,0.11484533921612633,95.94222222222223,0.3202074462890625,90.74,0.0832726661682129,97.23,0.3545827606201172,89.9,0.8322806540368632,1.1555756330490112,54.87678527832031
52,0.010000000000000002,0.10979744464026557,96.22,0.3112667541503906,90.86,0.08170523681640625,97.37,0.3532644866943359,89.8,0.8295163648541678,1.1585218906402588,54.70376205444336
53,0.010000000000000002,0.11067981444597244,96.2311111111111,0.30950397338867186,90.9,0.07854091262817382,97.25,0.3532986022949219,89.91,0.8419748371128332,1.1800180673599243,54.53166961669922
54,0.010000000000000002,0.10765220763948229,96.2088888888889,0.31889881591796876,90.68,0.07722202491760254,97.46,0.35523856506347656,89.81,0.855231409045783,1.1668435335159302,54.36050796508789
55,0.010000000000000002,0.10374401917192672,96.38222222222223,0.31667890014648437,91.04,0.07732555541992188,97.33,0.3644065948486328,89.96,0.8546608705073595,1.1954319477081299,54.19072723388672
56,0.010000000000000002,0.10117386534545157,96.45333333333333,0.32477623901367186,90.62,0.07455477142333984,97.56,0.36180426635742186,90.08,0.8687037604606964,1.1931416988372803,54.022090911865234
57,0.010000000000000002,0.09487463326056798,96.81777777777778,0.3251063415527344,90.9,0.07189861526489258,97.65,0.3650824951171875,90.01,0.8557529704306613,1.170957326889038,53.853355407714844
58,0.010000000000000002,0.0954582799911499,96.64888888888889,0.326884375,90.92,0.06533183822631836,97.78,0.3705008666992187,89.7,0.8787452948533676,1.194558024406433,53.68642807006836
59,0.010000000000000002,0.09910521783166462,96.6,0.32484528198242185,90.9,0.06582713394165039,97.69,0.3692919494628906,89.9,0.9217083873227239,1.2521198987960815,53.522342681884766
60,0.010000000000000002,0.0916852751188808,96.80666666666667,0.3359999328613281,90.5,0.06455499458312988,97.88,0.3679504730224609,89.76,0.8966771808706901,1.2407466173171997,53.358131408691406
61,0.0010000000000000002,0.08707404817210303,96.99555555555555,0.3240266784667969,90.82,0.05849175643920899,98.09,0.3673481903076172,89.82,0.877504753795537,0.18125019967556,53.339656829833984
62,0.0010000000000000002,0.08196986813942592,97.17111111111112,0.322973974609375,90.96,0.057259165954589845,98.23,0.3631091766357422,90.05,0.8394303127953952,0.1443489044904709,53.32109832763672
63,0.0010000000000000002,0.07827205072508918,97.45777777777778,0.32293096923828124,91.04,0.05576311912536621,98.14,0.3635849090576172,89.99,0.8109161789867688,0.13434480130672455,53.302528381347656
64,0.0010000000000000002,0.07772602525419658,97.41333333333333,0.32761132202148435,90.94,0.05632719497680664,98.08,0.3639876739501953,89.91,0.8147124376317317,0.13399411737918854,53.28396987915039
65,0.0010000000000000002,0.07800948684646024,97.28888888888889,0.32296876220703125,91.04,0.055717473220825195,98.18,0.3636692169189453,90.13,0.8248891559514132,0.13737383484840393,53.26542663574219
66,0.0010000000000000002,0.07686366007725398,97.43777777777778,0.32273292846679685,91.06,0.05502677764892578,98.2,0.36293973388671874,89.88,0.8195544006302953,0.13169200718402863,53.24687957763672
67,0.0010000000000000002,0.07868653907974561,97.34666666666666,0.32736049194335937,91.04,0.054040632247924804,98.27,0.3643824188232422,90.06,0.8345478327352215,0.13290032744407654,53.22834777832031
68,0.0010000000000000002,0.07765572760899862,97.33777777777777,0.3291012023925781,91.0,0.05398970909118652,98.22,0.3648817199707031,90.12,0.836113147860901,0.1341606080532074,53.2098274230957
69,0.0010000000000000002,0.07675974618461397,97.4,0.32638154296875,91.1,0.05393969230651856,98.2,0.36469296569824217,89.98,0.8287877731702544,0.13236825168132782,53.19129943847656
70,0.0010000000000000002,0.07907039415968789,97.24222222222222,0.326801953125,91.14,0.05356820678710938,98.27,0.36804142150878905,89.92,0.8515490062365477,0.13634802401065826,53.17279815673828
71,0.0010000000000000002,0.0752001123799218,97.43777777777778,0.32665,90.98,0.051818326568603516,98.26,0.3637754089355469,90.15,0.8301679753613743,0.1303369402885437,53.15428924560547
72,0.0010000000000000002,0.07591246559487448,97.46666666666667,0.33056283569335937,91.04,0.05175286331176758,98.35,0.3684290802001953,90.02,0.83040153904056,0.13110467791557312,53.13578414916992
73,0.0010000000000000002,0.07605083000395033,97.44222222222223,0.3289571655273438,91.08,0.052397405624389645,98.26,0.36662254943847655,89.93,0.8385095270350575,0.1312359720468521,53.1172981262207
74,0.0010000000000000002,0.07579692938791381,97.49333333333334,0.3292164611816406,91.22,0.05137676239013672,98.26,0.36614517517089845,90.08,0.8371640577573668,0.13239803910255432,53.09881591796875
75,0.0010000000000000002,0.07440524892343416,97.45333333333333,0.33188002319335935,91.08,0.05098249816894531,98.25,0.3676224182128906,90.23,0.8357849861918525,0.13016168773174286,53.08034133911133
76,0.0010000000000000002,0.07400372458497684,97.48444444444445,0.32846353149414065,91.34,0.05095838241577148,98.36,0.36705386657714845,90.18,0.8274098236791112,0.13130275905132294,53.061859130859375
77,0.0010000000000000002,0.07374353192845981,97.53555555555556,0.330370703125,91.12,0.05017533721923828,98.39,0.3677645111083984,90.31,0.8235495654358105,0.13012193143367767,53.043392181396484
78,0.0010000000000000002,0.07699477880001068,97.4,0.33273363037109377,91.18,0.04974122200012207,98.43,0.36844205627441406,90.23,0.8519731067459692,0.13302801549434662,53.02494430541992
79,0.0010000000000000002,0.07560689460237821,97.47111111111111,0.333679150390625,90.98,0.05010778350830078,98.44,0.3714060089111328,89.96,0.8403344515880401,0.1327405422925949,53.00649642944336
80,0.0010000000000000002,0.07333461948500739,97.57777777777778,0.33330520629882815,91.04,0.05120067443847656,98.3,0.36931861572265623,90.16,0.829406342130493,0.13018199801445007,52.98804473876953
