epoch,val_loss,val_acc,train_loss,train_acc,grad_norm
35,0.43838583984375,86.12,0.2931345733642578,90.03,0.7981956591829658
36,0.4663430236816406,85.46,0.31386619567871094,89.15,0.8241656185551123
37,0.5656052001953125,84.1,0.3749056243896484,88.15,0.82594309552488
38,0.4233846923828125,86.72,0.2759568496704102,90.33,0.8250222755596042
39,0.4500956970214844,85.86,0.2931625793457031,89.54,0.8293354720385238
40,0.4871229797363281,85.04,0.3222952850341797,88.58,0.8292737052013929
41,0.2998614501953125,90.44,0.1323950653076172,95.5,0.6697846503758972
42,0.29142550048828125,90.68,0.12076277465820312,95.91,0.6514455084265633
43,0.2936126647949219,90.96,0.11387124252319336,96.06,0.65870955535634
44,0.29059408569335937,90.82,0.11152035140991211,96.2,0.6648164455863562
45,0.30011189575195313,90.62,0.11009783248901367,96.34,0.6790034580467776
46,0.2958701416015625,90.88,0.10540450820922852,96.49,0.6908368816260587
47,0.2972196472167969,91.0,0.10334666290283204,96.59,0.6960626447742636
48,0.29946746826171877,91.2,0.10026035766601563,96.46,0.6961581203239885
49,0.2972111450195313,90.98,0.09394595947265626,96.8,0.7145122419196096
50,0.30175960693359377,90.98,0.09381055450439453,96.73,0.7131703175096349
51,0.298262841796875,91.3,0.0907189582824707,96.85,0.7276593045416203
52,0.2992036376953125,91.06,0.08984933090209961,96.95,0.7249494369395755
53,0.3114910705566406,91.02,0.09238315811157227,96.84,0.7429810799658298
54,0.3053302673339844,91.28,0.08492853927612305,97.15,0.7472731615840034
55,0.31060089111328126,91.36,0.08889246444702148,97.08,0.7562682009725408
56,0.305535595703125,91.24,0.08261489067077636,97.15,0.7622910562733357
57,0.3117256774902344,91.14,0.08214729614257812,97.25,0.7647566548125311
58,0.3086275634765625,90.96,0.08132305641174316,97.22,0.7866374757987532
59,0.3132833801269531,90.98,0.07718216400146484,97.49,0.7802267279475927
60,0.313443359375,91.08,0.07661991577148437,97.45,0.7824464924633503
61,0.30534800415039065,91.4,0.07075873947143554,97.64,0.7496420319446109
62,0.3066716857910156,91.36,0.07007905616760254,97.64,0.7412649444304407
63,0.3074254760742188,91.24,0.06940789680480958,97.66,0.7508498247374188
64,0.30914133911132813,91.34,0.06999607849121094,97.58,0.7439904002134096
65,0.306330712890625,91.38,0.06838765373229981,97.71,0.7467749967155132
66,0.30727069702148435,91.38,0.06871268653869629,97.68,0.7438079144975002
67,0.3058576843261719,91.58,0.06835124053955079,97.66,0.7441496079448949
68,0.3075201904296875,91.42,0.0675777084350586,97.71,0.7380947267467325
69,0.3066307434082031,91.56,0.06721255760192871,97.68,0.7469020620496436
70,0.30843759155273437,91.6,0.06742900428771972,97.71,0.749433920295401
71,0.3063176696777344,91.5,0.06602457466125489,97.82,0.7428626231849194
72,0.3098409118652344,91.68,0.06596096572875977,97.79,0.7461032661694017
73,0.3076430114746094,91.5,0.06523418273925781,97.8,0.7584533820944753
74,0.30985407104492185,91.42,0.06555840682983398,97.84,0.7432215635410764
75,0.3080291748046875,91.48,0.06525510749816894,97.83,0.741997423835776
76,0.3109067810058594,91.6,0.06531498908996582,97.74,0.7385351955890656
77,0.31012763671875,91.44,0.06497977752685546,97.72,0.7526011258702386
78,0.3108775634765625,91.44,0.06415363960266113,97.75,0.7516897967593237
79,0.31168743896484374,91.36,0.06450898742675781,97.87,0.7529131604189222
80,0.3095748046875,91.4,0.06419360847473145,97.77,0.7437920578840104
