round,t,retrain_epochs,final_val_loss,final_val_acc,final_train_loss,final_train_acc,final_test_loss,final_test_acc,target_val_acc,recovered
3,2,78,0.32444788208007813,91.76,0.041335159492492675,98.58,0.34915954284667966,90.67,90.54,1
3,41,39,0.33554631958007813,91.3,0.053540816497802735,98.19,0.3716113586425781,90.04,90.54,1
3,60,20,0.32074488525390626,91.16,0.06298215103149414,97.87,0.3622310089111328,89.89,90.54,1
3,70,10,0.3211286315917969,91.14,0.06411318740844726,97.91,0.35808231506347654,89.78,90.54,1
3,75,5,0.3265069641113281,90.86,0.06643559112548827,97.83,0.3589862426757813,89.87,90.54,1
3,77,3,0.32471963500976564,90.72,0.06712616233825684,97.81,0.35950985717773437,89.78,90.54,1
3,78,2,0.3307117980957031,90.66,0.06960148735046387,97.66,0.3618784393310547,89.67,90.54,1
4,2,78,0.334183154296875,91.14,0.046376154708862305,98.43,0.3562745758056641,90.28,90.54,1
4,41,39,0.3296132263183594,91.0,0.05958042106628418,98.01,0.3657456756591797,89.84,90.54,1
4,60,20,0.322421875,90.6,0.07738694152832032,97.37,0.3519967315673828,89.62,90.54,1
4,70,10,0.32450176391601565,90.54,0.08134825897216796,97.28,0.3544330383300781,89.58,90.54,1
4,72,8,0.32728794555664065,90.32,0.08407977600097656,97.21,0.3554791015625,89.44,90.54,0
4,75,5,0.3321236145019531,90.4,0.08557931594848633,97.11,0.35957904052734374,89.28,90.54,0
5,2,78,0.3305180603027344,91.0,0.05214489059448242,98.14,0.3573919372558594,90.4,90.54,1
5,41,39,0.332308642578125,90.96,0.07132120399475098,97.61,0.36812312622070315,89.66,90.54,1
5,50,30,0.32624192504882815,90.66,0.07736190490722657,97.47,0.3582215423583984,89.58,90.54,1
5,55,25,0.32529304809570314,90.66,0.08497976303100586,97.16,0.3581246856689453,89.62,90.54,1
5,57,23,0.32500023193359373,90.44,0.09013550109863282,97.07,0.35451522827148435,89.71,90.54,0
5,60,20,0.32757691650390625,90.3,0.09730168228149413,96.77,0.35257015075683595,89.32,90.54,0
6,2,78,0.3197163879394531,91.2,0.058502932357788084,98.08,0.34963507080078127,90.26,90.54,1
6,41,39,0.32885147094726563,90.74,0.08223925704956055,97.22,0.36878323364257815,89.73,90.54,1
6,50,30,0.32818475952148435,90.82,0.08940867004394532,97.0,0.36629029541015623,89.58,90.54,1
6,52,28,0.32662691650390624,90.72,0.09084350280761719,97.05,0.3658941711425781,89.62,90.54,1
6,53,27,0.32902767944335937,90.68,0.09200700149536133,96.95,0.3645847869873047,89.48,90.54,1
6,55,25,0.322001513671875,90.48,0.09570665206909179,96.82,0.36147426452636716,89.49,90.54,0
6,60,20,0.32660908203125,90.52,0.10764947891235352,96.53,0.36436228942871096,89.23,90.54,0
7,2,78,0.32090255737304685,91.16,0.0752448371887207,97.33,0.34322075805664065,90.36,90.54,1
7,41,39,0.3280055114746094,90.58,0.10092792587280273,96.6,0.36971643981933594,89.4,90.54,1
7,43,37,0.3277363220214844,90.74,0.09981611099243164,96.53,0.3706783264160156,89.37,90.54,1
7,45,35,0.3259393859863281,90.42,0.10187352981567382,96.44,0.36686565856933595,89.47,90.54,0
7,50,30,0.3242571716308594,90.32,0.1063659294128418,96.34,0.3628044891357422,89.47,90.54,0
7,60,20,0.330298193359375,89.9,0.13822913665771486,95.16,0.3626228454589844,88.86,90.54,0
8,2,78,0.32392619018554686,90.54,0.08954777526855469,97.02,0.33718272094726565,90.18,90.54,1
8,4,76,0.31963984375,90.3,0.08672026596069336,97.03,0.34538775329589844,89.9,90.54,0
8,6,74,0.31957667236328124,90.38,0.08834784317016602,97.02,0.3474627197265625,89.99,90.54,0
8,11,69,0.3361540832519531,90.48,0.09164007568359375,96.87,0.3442952911376953,90.12,90.54,0
8,21,59,0.3326382141113281,90.26,0.09257895812988282,96.89,0.3511864105224609,89.88,90.54,0
8,41,39,0.33323668823242186,90.26,0.11238723068237305,96.05,0.37011766662597656,89.29,90.54,0
9,2,78,0.3190870666503906,90.54,0.09019065170288086,96.84,0.33681907958984375,90.12,90.54,1
9,21,59,0.3313219482421875,90.6,0.09422837448120117,96.67,0.3430508361816406,90.01,90.54,1
9,26,54,0.3250985900878906,90.66,0.09576043701171875,96.54,0.3503090545654297,89.84,90.54,1
9,28,52,0.32830006103515624,90.3,0.09575281448364258,96.72,0.35286502075195314,89.85,90.54,0
9,31,49,0.3217280029296875,90.34,0.09583011703491211,96.76,0.35346634521484377,89.86,90.54,0
9,41,39,0.32696085205078124,90.26,0.10586942291259765,96.55,0.35500018920898435,89.56,90.54,0
10,2,78,0.3190463317871094,90.64,0.09771092071533204,96.6,0.3384625122070313,89.95,90.54,1
10,11,69,0.32287448120117185,90.58,0.10413689804077149,96.38,0.3416475616455078,89.81,90.54,1
10,13,67,0.32052840576171876,90.9,0.10272173385620118,96.37,0.3369457000732422,90.16,90.54,1
10,14,66,0.31830391845703127,90.18,0.10132322158813477,96.3,0.3385509765625,89.89,90.54,0
10,16,64,0.32129000244140626,90.14,0.10254116592407227,96.44,0.33930818481445313,90.07,90.54,0
10,21,59,0.3268005065917969,90.12,0.10205118255615235,96.28,0.3406052001953125,89.96,90.54,0
10,41,39,0.3275466125488281,90.24,0.11468143539428712,96.04,0.34504118347167967,89.56,90.54,0
