round,sparsity,before_val_loss,before_val_acc,before_train_loss,before_train_acc,before_test_loss,before_test_acc,after_val_loss,after_val_acc,after_train_loss,after_train_acc,after_test_loss,after_test_acc,D_loss_val,D_loss_train,D_acc_val,D_acc_train,D_loss_val_vs_dense,D_acc_val_vs_dense,D_loss_val_no_bn_recal,D_acc_val_no_bn_recal,removed_weight_norm,weight_perturbation,pred_loss_match_val,pred_loss_match_train,pred_loss_match_val_vs_dense,pred_acc_match_val,pred_movement_match,pred_specialization,pred_baseline_5pct,pred_baseline_before_last_lr_drop,pred_baseline_before_first_lr_drop,t_star,retrain_epochs,t_star_frac,lr_remaining_frac,n_trials,target_val_acc,final_val_loss,final_val_acc,final_train_loss,final_train_acc,final_test_loss,final_test_acc,run
1,0.1999992599609259,0.3180371704101562,91.12,0.0519344406127929,98.28,0.3454772552490234,90.36,0.3165390930175781,91.16,0.0529211582183837,98.29,0.3476411682128906,90.49,-0.0014980773925781,0.0009867176055908,-0.039999999999992,-0.0100000000000051,-0.0014980773925781,-0.039999999999992,0.0002947937011719,-0.019999999999996,2.837141513824463,0.0540219925419192,80,79,80,80,59,51,4,59,39,80.0,0.0,1.0,0.0,0,90.62,0.3165390930175781,91.16,0.0529211582183837,98.29,0.3476411682128906,90.49,seed1
2,0.3599994079687407,0.3165390930175781,91.16,0.0529211582183837,98.29,0.3476411682128906,90.49,0.318474560546875,90.96,0.0633548286437988,97.77,0.3508289581298828,90.27,0.0019354675292969,0.010433670425415,0.2000000000000028,0.5200000000000102,0.0004373901367187,0.1600000000000108,-0.0015314331054687,0.519999999999996,6.4193501472473145,0.1224095536960314,61,61,61,62,56,51,4,59,39,80.0,0.0,1.0,0.0,0,90.62,0.318474560546875,90.96,0.0633548286437988,97.77,0.3508289581298828,90.27,seed1
3,0.4880002664140667,0.318474560546875,90.96,0.0633548286437988,97.77,0.3508289581298828,90.27,0.3305224060058593,90.16,0.0856241298675537,97.01,0.3593440979003906,89.49,0.0120478454589843,0.0222693012237548,0.7999999999999972,0.7599999999999909,0.0124852355957031,0.960000000000008,0.0159695495605468,1.3199999999999932,8.998071670532227,0.1728829178192302,40,57,40,41,54,51,4,59,39,78.0,2.0,0.975,0.000473933649289,7,90.62,0.3122390014648437,90.64,0.0716767120361328,97.54,0.3426605926513671,89.95,seed1
4,0.5903994730921793,0.3122390014648437,90.64,0.0716767120361328,97.54,0.3426605926513671,89.95,0.337995654296875,89.74,0.1078853469848632,96.27,0.3608488433837891,89.22,0.0257566528320312,0.0362086349487304,0.9000000000000057,1.2700000000000102,0.0199584838867187,1.3800000000000097,0.0731006896972656,2.640000000000001,10.750925064086914,0.2097172962919583,40,51,40,41,53,51,4,59,39,62.0,18.0,0.775,0.0042654028436018,7,90.62,0.3058570007324219,90.74,0.0797897891998291,97.37,0.3377668762207031,89.98,seed1
5,0.6723180983955953,0.3058570007324219,90.74,0.0797897891998291,97.37,0.3377668762207031,89.98,0.3347190368652343,89.64,0.1249561798095703,95.59,0.3671323944091796,88.71,0.0288620361328124,0.0451663906097412,1.0999999999999943,1.7800000000000011,0.0166818664550781,1.480000000000004,0.079061083984375,3.6199999999999903,11.874211311340332,0.23690382342698,40,48,40,41,52,51,4,59,39,34.0,46.0,0.425,0.1943127962085307,7,90.62,0.3095748046875,91.4,0.0641936084747314,97.77,0.3464432312011719,90.16,seed1
6,0.7378559587946243,0.3095748046875,91.4,0.0641936084747314,97.77,0.3464432312011719,90.16,0.3314457275390625,90.9,0.0879561317443847,96.94,0.3744358856201172,89.12,0.0218709228515625,0.0237625232696533,0.5,0.8299999999999983,0.0134085571289062,0.2199999999999988,0.0497675842285156,2.260000000000005,7.030984878540039,0.1507980974440182,40,57,40,60,56,51,4,59,39,80.0,0.0,1.0,0.0,0,90.62,0.3314457275390625,90.9,0.0879561317443847,96.94,0.3744358856201172,89.12,seed1
7,0.7902840269966254,0.3314457275390625,90.9,0.0879561317443847,96.94,0.3744358856201172,89.12,0.3858693664550781,88.68,0.1703512390136718,93.89,0.4246290496826171,86.97,0.0544236389160156,0.0823951072692871,2.219999999999999,3.049999999999997,0.0678321960449219,2.4399999999999977,0.2768432250976563,10.080000000000013,11.009614944458008,0.2388618355975004,40,41,40,40,53,51,4,59,39,38.0,42.0,0.475,0.0995260663507109,7,90.62,0.3198409790039062,90.74,0.0800250770568847,97.31,0.3568677429199218,89.67,seed1
8,0.8322257415191522,0.3198409790039062,90.74,0.0800250770568847,97.31,0.3568677429199218,89.67,0.3735331176757812,88.92,0.141599486541748,94.92,0.4153788269042969,88.12,0.053692138671875,0.0615744094848633,1.8199999999999927,2.390000000000001,0.055495947265625,2.200000000000003,0.267903173828125,7.899999999999991,8.829082489013672,0.2022368911407314,40,44,40,40,54,51,4,59,39,,,,,1,90.62,,,,,,,seed1
1,0.1999992599609259,0.3333052062988281,91.04,0.0512006744384765,98.3,0.3693186157226562,90.16,0.3314409912109375,91.06,0.0507656555175781,98.31,0.3672774993896484,89.97,-0.0018642150878906,-0.0004350189208984,-0.019999999999996,-0.0100000000000051,-0.0018642150878905,-0.019999999999996,0.0002038024902343,0.0600000000000022,2.908577680587769,0.0548912060244348,80,80,80,80,59,48,4,59,39,80.0,0.0,1.0,0.0,0,90.54,0.3314409912109375,91.06,0.0507656555175781,98.31,0.3672774993896484,89.97,seed2
2,0.3599994079687407,0.3314409912109375,91.06,0.0507656555175781,98.31,0.3672774993896484,89.97,0.336345751953125,90.96,0.0589781799316406,98.04,0.3676629730224609,89.97,0.0049047607421874,0.0082125244140624,0.1000000000000085,0.269999999999996,0.0030405456542969,0.0800000000000125,0.0205248596191406,1.4200000000000017,6.586088180541992,0.1244815263012024,40,60,40,64,56,48,4,59,39,80.0,0.0,1.0,0.0,0,90.54,0.336345751953125,90.96,0.0589781799316406,98.04,0.3676629730224609,89.97,seed2
3,0.4880002664140667,0.336345751953125,90.96,0.0589781799316406,98.04,0.3676629730224609,89.97,0.3448978881835937,90.16,0.0774610244750976,97.34,0.3741590148925781,89.7,0.0085521362304687,0.018482844543457,0.7999999999999972,0.7000000000000028,0.0115926818847656,0.8800000000000097,0.1156306030273437,3.219999999999999,9.206945419311523,0.1753816413508324,40,57,40,41,54,48,4,59,39,78.0,2.0,0.975,0.000473933649289,7,90.54,0.3307117980957031,90.66,0.0696014873504638,97.66,0.3618784393310547,89.67,seed2
4,0.5903994730921793,0.3307117980957031,90.66,0.0696014873504638,97.66,0.3618784393310547,89.67,0.3585014282226562,89.54,0.1060388313293457,96.24,0.3864661743164062,88.58,0.0277896301269531,0.0364373439788818,1.1199999999999903,1.4200000000000017,0.0251962219238281,1.5,0.1368690979003906,4.47999999999999,10.997777938842772,0.2127916971867225,40,49,40,40,53,48,4,59,39,70.0,10.0,0.875,0.0023696682464454,6,90.54,0.3245017639160156,90.54,0.0813482589721679,97.28,0.3544330383300781,89.58,seed2
5,0.6723180983955953,0.3245017639160156,90.54,0.0813482589721679,97.28,0.3544330383300781,89.58,0.3606518005371094,89.2,0.1329465690612793,95.36,0.3779563201904297,88.5,0.0361500366210937,0.0515983100891113,1.3400000000000034,1.9200000000000017,0.0273465942382812,1.8400000000000036,0.1820041381835936,5.820000000000007,12.152658462524414,0.2406522466780586,40,44,40,40,52,48,4,59,39,55.0,25.0,0.6875,0.0165876777251184,6,90.54,0.3252930480957031,90.66,0.0849797630310058,97.16,0.3581246856689453,89.62,seed2
6,0.7378559587946243,0.3252930480957031,90.66,0.0849797630310058,97.16,0.3581246856689453,89.62,0.3889810607910156,88.6,0.1738373306274414,94.0,0.4494536010742187,87.26,0.0636880126953124,0.0888575675964355,2.0600000000000023,3.1599999999999966,0.0556758544921875,2.440000000000012,0.3875472106933594,11.819999999999991,12.48857879638672,0.2551191077066199,40,40,40,40,51,48,4,59,39,53.0,27.0,0.6625,0.0213270142180094,7,90.54,0.3290276794433593,90.68,0.0920070014953613,96.95,0.3645847869873047,89.48,seed2
7,0.7902840269966254,0.3290276794433593,90.68,0.0920070014953613,96.95,0.3645847869873047,89.48,0.4617033142089843,85.52,0.2474904434204101,91.38,0.4879014465332031,85.22,0.132675634765625,0.1554834419250488,5.160000000000011,5.570000000000007,0.1283981079101562,5.52000000000001,1.3719551330566406,30.340000000000003,12.568133354187012,0.2666393404015006,40,40,40,40,51,48,4,59,39,43.0,37.0,0.5375,0.0450236966824644,6,90.54,0.3277363220214844,90.74,0.0998161109924316,96.53,0.3706783264160156,89.37,seed2
8,0.8322257415191522,0.3277363220214844,90.74,0.0998161109924316,96.53,0.3706783264160156,89.37,0.4907082397460937,84.74,0.3047475509643554,89.86,0.5432014587402344,83.64,0.1629719177246093,0.2049314399719238,6.0,6.670000000000002,0.1574030334472656,6.300000000000011,0.6713441345214843,19.47999999999999,11.79964542388916,0.2615568409760958,40,40,40,40,52,48,4,59,39,2.0,78.0,0.025,0.9526066350710904,6,90.54,0.3239261901855468,90.54,0.0895477752685546,97.02,0.3371827209472656,90.18,seed2
9,0.8657791131371737,0.3239261901855468,90.54,0.0895477752685546,97.02,0.3371827209472656,90.18,0.3417902099609375,90.22,0.1097098800659179,96.08,0.3569426483154297,89.66,0.0178640197753906,0.0201621047973632,0.3200000000000074,0.9399999999999976,0.0084850036621094,0.8200000000000074,0.0988933471679687,2.660000000000011,5.191677093505859,0.1173725909467747,40,57,40,60,58,48,4,59,39,26.0,54.0,0.325,0.3838862559241704,6,90.54,0.3250985900878906,90.66,0.0957604370117187,96.54,0.3503090545654297,89.84,seed2
10,0.892624030548813,0.3250985900878906,90.66,0.0957604370117187,96.54,0.3503090545654297,89.84,0.3619317138671875,89.18,0.1436234092712402,94.75,0.3766037567138672,88.83,0.0368331237792968,0.0478629722595214,1.4799999999999898,1.7900000000000065,0.0286265075683593,1.8599999999999997,0.2816703063964844,8.560000000000002,7.175956726074219,0.171240959740395,40,46,40,40,56,48,4,59,39,13.0,67.0,0.1625,0.6919431279620853,7,90.54,0.3205284057617187,90.9,0.1027217338562011,96.37,0.3369457000732422,90.16,seed2
