rule,n,mean_abs_error_epochs,mean_signed_error,n_too_late_would_fail,mean_wasted_epochs_when_early,spearman_with_t_star
Loss match (train),17,16.647058823529413,-2.6470588235294117,5,13.666666666666666,0.7852298349885692
Accuracy match (val),17,18.705882352941178,-6.0,5,17.5,0.7158214604444126
Loss match (val),17,20.294117647058822,-10.058823529411764,5,21.5,0.5719875971738851
"Loss match (val, vs dense)",17,20.294117647058822,-10.058823529411764,5,21.5,0.5719875971738851
Weight-movement match,17,21.11764705882353,-1.588235294117647,6,17.545454545454547,0.5245283018867926
Baseline: before last LR drop,17,21.470588235294116,3.0,8,17.444444444444443,
Specialization point,17,23.0,-6.764705882352941,6,23.0,0.28425277590722203
Baseline: before 1st LR drop,17,26.647058823529413,-17.0,5,30.916666666666668,
Baseline: 5% of T,17,52.23529411764706,-52.0,1,55.375,
